id;number;description;project_id
1;44774;сжать Главный;1
2;43696;Практичный payment web-readiness;2
3;44005;копирование внутренний Потрясающий;3
4;68992;конденсатор;4
5;64553;attitude;5
6;60706;payment administration площадь;6
7;42171;invoice 1080-пиксельный Account;7
8;1;Блок хранения;8
9;83584;uniform Фильмы Маленький;9
10;40841;brand;10
11;2;Mörrum;8
12;3;Sandaogou;8
13;4;Kanazawa-shi;8
14;5;Três Rios;8
15;6;Suozhen;8
16;7;Daqiao;8
17;8;Loma;8
18;9;Zlatni Pyasatsi;8
19;10;Qianguo;8
20;11;Rongcheng;8
21;12;Berlin;8
22;13;Vërtop;8
23;14;Pirapo;8
24;15;Yangzizhou;8
25;16;Chizhou;8
26;17;Starigrad;8
27;18;Biito;8
28;19;Xuyong;8
29;20;Gort;8
30;21;Timba Lauk;8
31;22;Ouanaminthe;8
32;23;Puyung;8
33;24;Aquia;8
34;25;Tumauini;8
35;26;Dodu Dua;8
36;27;Mielec;8
37;28;Kamenskiy;8
38;29;Mbongawani;8
39;30;Esposende;8
40;31;Cacheu;8
41;32;Tabor;8
42;33;Doctor Juan León Mallorquín;8
43;34;Tallahassee;8
44;35;Liješnica;8
45;1;Sula;9
46;2;Medzhibozh;9
47;3;Novki;9
48;4;Cineumbeuy;9
49;5;Shreveport;9
50;6;Kŭrdzhali;9
51;7;Sułkowice;9
52;8;Mirimire;9
53;9;Xikou;9
54;10;Miaogou;9
55;11;Lipno;9
56;12;Gudang;9
57;13;Esmeraldas;9
58;14;Xin’an;9
59;15;Calvário;9
60;16;Bislig;9
61;17;Kongsvinger;9
62;18;Madrid;9
63;19;Vohibinany;9
64;20;Adelaide Mail Centre;9
65;21;Töreboda;9
66;22;Kharp;9
67;23;Rungis;9
68;24;Pittsburgh;9
69;25;Washington;9
70;26;Rungis;9
71;27;Cheongsong gun;9
72;2;Ganping;10
73;3;Caotang;10
74;4;Antabamba;10
75;5;Plei Kần;10
76;6;Baiima;10
77;7;Kisoro;10
78;8;Nowy Duninów;10
79;9;Perlez;10
80;10;Saraqinishtë;10
81;11;Lerrnanist;10
82;12;Fresno;10
83;13;Santo Domingo;10
84;14;Solec Nad Wisłą;10
85;15;Pärnu;10
86;16;La Esperanza;10
87;17;Ntsoudjini;10
88;18;Newport Beach;10
89;19;Kladruby;10
90;20;Matamey;10
