id;short_name;full_name;email
51;SOCAR;Socar Construction;Leonie_@gmail.com
52;ПТМ;ПромТехМонтаж;Theodora21@hotmail.com
53;перезагрузить invoic;менеджер schemas компьютеры;Una91@yahoo.com
54;explicit;Стальной XSS Исландия;Althea_91@yahoo.com
55;кортеж Buckinghamshi;Национальный Куртка architecture;Kamren86@yandex.ru
56;Borders;Венесуэла;Hunter.@hotmail.com
57;next-generation vira;Бетонный Synergized;Thalia.@yahoo.com
58;улица application;Берет magnetic PNG;Lexi27@yahoo.com
59;Компьютер;генерировать;Duane56@mail.ru
60;vertical;функциональный Портмоне;Jovan.66@yahoo.com
